{"text": " I'm not feeling good. I have a cough and a sore throat. Every time I wake up, I just cough and cough and cough and I can't stop.", "segments": [{"id": 0, "seek": 0, "start": 0.0, "end": 5.68, "text": " I'm not feeling good.", "tokens": [50364, 286, 478, 406, 2633, 665, 13, 50648], "temperature": 0.0, "avg_logprob": -0.34118861686892626, "compression_ratio": 1.3333333333333333, "no_speech_prob": 0.26774564385414124}, {"id": 1, "seek": 0, "start": 5.68, "end": 8.72, "text": " I have a cough and a sore throat.", "tokens": [50648, 286, 362, 257, 22777, 293, 257, 22468, 12394, 13, 50800], "temperature": 0.0, "avg_logprob": -0.34118861686892626, "compression_ratio": 1.3333333333333333, "no_speech_prob": 0.26774564385414124}, {"id": 2, "seek": 0, "start": 8.72, "end": 12.92, "text": " Every time I wake up, I just cough and cough and cough and I can't stop.", "tokens": [50800, 2048, 565, 286, 6634, 493, 11, 286, 445, 22777, 293, 22777, 293, 22777, 293, 286, 393, 380, 1590, 13, 51010], "temperature": 0.0, "avg_logprob": -0.34118861686892626, "compression_ratio": 1.3333333333333333, "no_speech_prob": 0.26774564385414124}], "language": "en"}