{"text": " your symptoms better.", "segments": [{"id": 0, "seek": 0, "start": 0.0, "end": 2.0, "text": " your symptoms better.", "tokens": [50364, 428, 8332, 1101, 13, 50464], "temperature": 0.0, "avg_logprob": -0.833460807800293, "compression_ratio": 0.7241379310344828, "no_speech_prob": 0.12283532321453094}], "language": "en"}