{"text": " Hi, doctor. I'm back from our last visit. Oh, I'm glad to see you again. I hope you're feeling better. How are you doing? I'm doing a lot better. I have no nausea and no stomachache anymore since the last time you helped me. Wow, that's really good to hear. So you can probably stop taking that medication I put you on since you're feeling a lot better. Sounds good, Doc. Thank you.", "segments": [{"id": 0, "seek": 0, "start": 0.0, "end": 9.0, "text": " Hi, doctor. I'm back from our last visit. Oh, I'm glad to see you again. I hope you're feeling better.", "tokens": [50364, 2421, 11, 4631, 13, 286, 478, 646, 490, 527, 1036, 3441, 13, 876, 11, 286, 478, 5404, 281, 536, 291, 797, 13, 286, 1454, 291, 434, 2633, 1101, 13, 50814], "temperature": 0.0, "avg_logprob": -0.14392677488781158, "compression_ratio": 1.6324786324786325, "no_speech_prob": 0.17939981818199158}, {"id": 1, "seek": 0, "start": 9.0, "end": 17.0, "text": " How are you doing? I'm doing a lot better. I have no nausea and no stomachache anymore since the last time you helped me.", "tokens": [50814, 1012, 366, 291, 884, 30, 286, 478, 884, 257, 688, 1101, 13, 286, 362, 572, 34735, 64, 293, 572, 9665, 6000, 3602, 1670, 264, 1036, 565, 291, 4254, 385, 13, 51214], "temperature": 0.0, "avg_logprob": -0.14392677488781158, "compression_ratio": 1.6324786324786325, "no_speech_prob": 0.17939981818199158}, {"id": 2, "seek": 0, "start": 17.0, "end": 23.0, "text": " Wow, that's really good to hear. So you can probably stop taking that medication I put you on since you're feeling a lot better.", "tokens": [51214, 3153, 11, 300, 311, 534, 665, 281, 1568, 13, 407, 291, 393, 1391, 1590, 1940, 300, 13851, 286, 829, 291, 322, 1670, 291, 434, 2633, 257, 688, 1101, 13, 51514], "temperature": 0.0, "avg_logprob": -0.14392677488781158, "compression_ratio": 1.6324786324786325, "no_speech_prob": 0.17939981818199158}, {"id": 3, "seek": 0, "start": 23.0, "end": 25.0, "text": " Sounds good, Doc. Thank you.", "tokens": [51514, 14576, 665, 11, 16024, 13, 1044, 291, 13, 51614], "temperature": 0.0, "avg_logprob": -0.14392677488781158, "compression_ratio": 1.6324786324786325, "no_speech_prob": 0.17939981818199158}], "language": "en"}