{"text": " Oh, I pray this works, but I don't know what I've been told because Sally's ass is really slow.", "segments": [{"id": 0, "seek": 0, "start": 0.0, "end": 13.700000000000001, "text": " Oh, I pray this works, but I don't know what I've been told because Sally's ass is really", "tokens": [50364, 876, 11, 286, 3690, 341, 1985, 11, 457, 286, 500, 380, 458, 437, 286, 600, 668, 1907, 570, 26385, 311, 1256, 307, 534, 51049], "temperature": 0.0, "avg_logprob": -0.4600778897603353, "compression_ratio": 1.0674157303370786, "no_speech_prob": 0.2707740068435669}, {"id": 1, "seek": 0, "start": 13.700000000000001, "end": 17.7, "text": " slow.", "tokens": [51049, 2964, 13, 51249], "temperature": 0.0, "avg_logprob": -0.4600778897603353, "compression_ratio": 1.0674157303370786, "no_speech_prob": 0.2707740068435669}], "language": "en"}