{"text": " Hello, my name is Dr. Duffinshmurts. How are you feeling today? I'm really sick, Dr. I have a really bad cough. I'd hurt so bad. I don't know the emotion detection.", "segments": [{"id": 0, "seek": 0, "start": 0.0, "end": 10.0, "text": " Hello, my name is Dr. Duffinshmurts. How are you feeling today? I'm really sick, Dr. I have a really bad cough.", "tokens": [50364, 2425, 11, 452, 1315, 307, 2491, 13, 413, 1245, 1292, 8587, 374, 1373, 13, 1012, 366, 291, 2633, 965, 30, 286, 478, 534, 4998, 11, 2491, 13, 286, 362, 257, 534, 1578, 22777, 13, 50864], "temperature": 0.0, "avg_logprob": -0.402708629392228, "compression_ratio": 1.2713178294573644, "no_speech_prob": 0.4089193642139435}, {"id": 1, "seek": 0, "start": 10.0, "end": 17.0, "text": " I'd hurt so bad. I don't know the emotion detection.", "tokens": [50864, 286, 1116, 4607, 370, 1578, 13, 286, 500, 380, 458, 264, 8913, 17784, 13, 51214], "temperature": 0.0, "avg_logprob": -0.402708629392228, "compression_ratio": 1.2713178294573644, "no_speech_prob": 0.4089193642139435}], "language": "en"}