{"text": " This is Dr. Khaled Kashmiri. How are you feeling today? Pretty bad. I feel tired, exhausted, weak, I'm tired. I've gained a lot of weight. My throat is hurting.", "segments": [{"id": 0, "seek": 0, "start": 0.0, "end": 6.0, "text": " This is Dr. Khaled Kashmiri. How are you feeling today?", "tokens": [50364, 639, 307, 2491, 13, 27724, 292, 32356, 76, 12988, 13, 1012, 366, 291, 2633, 965, 30, 50664], "temperature": 0.0, "avg_logprob": -0.46148945735051083, "compression_ratio": 1.2030075187969924, "no_speech_prob": 0.2578982710838318}, {"id": 1, "seek": 0, "start": 6.0, "end": 16.0, "text": " Pretty bad. I feel tired, exhausted, weak, I'm tired. I've gained a lot of weight.", "tokens": [50664, 10693, 1578, 13, 286, 841, 5868, 11, 17992, 11, 5336, 11, 286, 478, 5868, 13, 286, 600, 12634, 257, 688, 295, 3364, 13, 51164], "temperature": 0.0, "avg_logprob": -0.46148945735051083, "compression_ratio": 1.2030075187969924, "no_speech_prob": 0.2578982710838318}, {"id": 2, "seek": 0, "start": 16.0, "end": 20.0, "text": " My throat is hurting.", "tokens": [51164, 1222, 12394, 307, 17744, 13, 51364], "temperature": 0.0, "avg_logprob": -0.46148945735051083, "compression_ratio": 1.2030075187969924, "no_speech_prob": 0.2578982710838318}], "language": "en"}